country_code,reference_year,total_current_expenditure(PPP),total_current_revenues(PPP),total_academic_staff(FTE),total_staff_(FTE),total_students_enrolled_ISCED_5-7,total_graduates_ISCED_5-7,total_students_enrolled_at_ISCED_8,total_graduates_at_ISCED_8,erasmus_total_incoming_students,erasmus_total_outgoing_students,total_core_budget(PPP),student_fees_funding(PPP),total_third_party_funding(PPP),share_of_women_academic_staff,share_of_women_students_ISCED_5-7,PhD_intensity,share_of_foreigners_students_ISCED_5-7
AL,2011,0.0,0.0,0.0,0.0,3828.5945945945946,0.0,0.0,0.0,0.0,0.0,0.0,0.0,0.0,0.0,0.4084310514783783,0.0,0.0
AL,2012,0.0,0.0,0.0,0.0,4022.9189189189187,0.0,0.0,0.0,0.0,0.0,0.0,0.0,0.0,0.0,0.41586365450270274,0.0,0.0
AL,2013,0.0,0.0,0.0,0.0,4303.263157894737,0.0,0.0,0.0,0.0,0.0,0.0,0.0,0.0,0.0,0.42800658849999995,0.0,0.0
AL,2014,0.0,0.0,0.0,0.0,4303.263157894737,0.0,0.0,0.0,0.0,0.0,0.0,0.0,0.0,0.0,0.42160368725526326,0.0,0.0
AL,2015,0.0,0.0,0.0,0.0,3588.825,0.0,63.3,0.0,0.0,0.0,0.0,0.0,0.0,0.0,0.41439686626750005,0.0,0.0
AL,2016,0.0,0.0,0.0,0.0,3447.55,0.0,42.275,0.0,0.0,0.0,0.0,0.0,0.0,0.0,0.1499845323655,0.0,0.0
AT,2011,43800561.07441178,46431805.19779412,433.6069647058825,632.2910955882353,4611.249114376471,733.6784313699999,382.1457782694118,35.26960784264706,70.54411764705883,82.04411764705883,34738740.46425,769701.9615705883,6908072.958214707,0.39920723366588223,0.5741679786775,0.03389651485785294,0.22058847457033814
AT,2012,45994235.03529412,48260728.977352925,436.40874558823526,637.0034485294117,4747.229374883826,797.0305306308824,374.4517709019118,32.72122762205883,73.04411764705883,83.61764705882354,36579695.19489706,505187.8314626471,7929388.909319119,0.40968541328676467,0.5769068451569117,0.03128838200602941,0.22860507639326472
AT,2013,46891062.37485293,50612884.829705894,439.9622676470589,643.3509073529411,4814.822986574999,765.6432709622059,361.41789759720587,32.453765597058826,74.67647058823529,84.88235294117646,38457280.595191166,840667.4802455882,7659773.112060295,0.4153927694338234,0.5752820220192647,0.026915484123823524,0.2334292176859411
AT,2014,47412863.696666665,50911419.09289854,442.27422499999994,668.8523163043479,4823.52400571638,784.8384230700002,348.6412886776812,31.718196457971015,90.5072463768116,107.69565217391305,38247943.19410145,902613.7984942028,7923134.4906840585,0.4136375000739131,0.5762737925415942,0.028780473673478267,0.23519131088246378
AT,2015,50465111.37072463,53776322.36724639,457.1174855072464,667.3391637681159,4911.5384519942045,814.0771513772463,340.6939275960869,32.44735118304347,97.40579710144928,115.43478260869566,40224152.34550726,943344.2013362319,8812199.72674348,0.42064529426521735,0.5754073039049274,0.030360257017652173,0.24194966741507248
AT,2016,49864460.975072466,53558078.72884059,460.5007550724638,674.2053144927537,4925.482833798552,811.9354727362318,331.3753149491304,38.07729468550725,99.6231884057971,121.55072463768116,40379109.7963768,901830.0127913045,8873516.21135942,0.424602139726087,0.5650903084685507,0.03236929214856522,0.2509783884144927
BE,2011,31109027.954115946,34233658.39311595,314.93239275362316,448.72542028985515,3174.1159420289855,818.4347826086956,144.82608695652175,24.17391304347826,86.3768115942029,95.95652173913044,17280837.00489421,14601028.60726087,934217.5098391302,0.18453080519710147,0.21404780720507252,0.00577877278,0.02519100549289855
BE,2012,33618396.29369565,36290359.75691304,323.9700376811594,460.95468840579724,3259.8985507246375,840.5942028985507,161.5072463768116,24.304347826086957,89.18840579710145,107.66666666666667,19779893.743289854,1563968.5543,0.0,0.18763091638550722,0.21395223612608688,0.006104448873768116,0.02836287379289855
BE,2013,36915487.88324999,40022769.4056875,360.96624999999995,512.8382812500001,3605.4375,915.625,173.859375,26.9375,93.78125,112.5625,19476484.28838828,17832261.200015623,1022018.4034343748,0.17345279072812506,0.19582367052343752,0.0047938388846875,0.028417788415468756
BE,2014,38252352.25915624,42892247.2490625,365.9046875000001,519.2184374999999,3649.40625,933.328125,181.65625,31.03125,113.765625,139.90625,25755422.060812496,1988059.3187562507,12495469.256240627,0.17499819444843753,0.195555877471875,0.005711165482812499,0.029751777216249994
BE,2015,41054669.76709523,45940925.285317466,371.1873995222223,528.8166411507935,3749.2063492063494,972.4444444444445,203.4920634920635,31.047619047619047,127.68253968253968,149.11111111111111,26730523.64430159,2641586.5306761903,14685804.76184127,0.168696293584127,0.18866524646349203,0.005342523061746032,0.031571001664920634
BE,2016,41195664.06001613,46079864.44896773,380.023870967742,544.2570967741933,3720.4193548387098,997.016129032258,197.69354838709677,32.96774193548387,115.79032258064517,148.53225806451613,26626374.761403225,2910007.0664177416,14348345.698467743,0.17269283363548388,0.19208040528870968,0.005750341684193548,0.02824415994274194
BG,2011,0.0,0.0,334.5903219782692,521.436475815,5165.942307692308,1173.4038461538462,85.25,10.634615384615385,10.615384615384615,35.55769230769231,0.0,0.0,0.0,0.40000508621346165,0.4554519314961538,0.007934960266075002,0.04015299261840385
BG,2012,0.0,0.0,341.0131535190385,528.8837090969232,5135.596153846154,1215.25,97.28846153846153,17.53846153846154,12.788461538461538,37.53846153846154,0.0,0.0,0.0,0.4054707096884615,0.45683974283846146,0.015473509815153849,0.029797792624134622
BG,2013,0.0,0.0,334.39807443884615,522.2442283146154,5111.153846153846,1152.5,109.92307692307692,21.615384615384617,12.98076923076923,32.5,0.0,0.0,0.0,0.4026553956923077,0.45413276652115386,0.019842541310961533,0.04958138438842693
BG,2014,0.0,0.0,338.77576850019227,536.3815377398078,5020.25,1139.8076923076924,119.36538461538461,24.346153846153847,25.903846153846153,54.76923076923077,0.0,0.0,0.0,0.4165404909307692,0.4533158095461538,0.021601683997673076,0.04843855085428846
BG,2015,0.0,0.0,331.21420701519224,524.887283946923,4777.4807692307695,1097.7884615384614,121.96153846153847,25.26923076923077,31.826923076923077,64.73076923076923,0.0,0.0,0.0,0.4062255527250001,0.45884963823846153,0.02495531209534616,0.04638560723621154
BG,2016,0.0,0.0,322.8916127196153,518.343535808077,4463.057692307692,1032.2884615384614,121.92307692307692,26.403846153846153,38.0,67.1923076923077,0.0,0.0,0.0,0.42370786556153867,0.44438997650192297,0.022309294609346157,0.05633387640869232
CH,2011,156020584.63903034,156922266.0819394,1061.2690549887884,1562.9266097242423,5800.272727272727,1400.909090909091,667.030303030303,105.6969696969697,69.36363636363636,71.42424242424242,118516480.06809087,7664280.404630302,30741505.60080151,0.4196446786181818,0.5531543342575755,0.041454155545151514,0.17812984192272727
CH,2012,157890332.54802856,158415844.50971428,1058.9331428571427,1551.475714285714,5698.628571428571,1393.4,649.0285714285715,103.97142857142858,69.31428571428572,68.54285714285714,118159978.69025715,8238852.490220004,32017013.33219224,0.4359605562314287,0.5873048539742857,0.03804866072771429,0.17047759470171428
CH,2013,163360848.92165712,163656976.20788568,1063.0751428571432,1555.9528571428568,5877.828571428571,1448.9714285714285,663.9142857142857,104.02857142857142,67.82857142857142,70.57142857142857,121867083.63785714,8648852.899162857,33141039.672854852,0.43738017379142863,0.587301427462857,0.03767700019457143,0.17417738841371433
CH,2014,171827398.90057144,172274071.4357429,1089.3600000000001,1601.4665714285716,5988.542857142857,1535.1142857142856,677.0571428571428,110.02857142857142,0.0,0.0,128002569.61125715,9258266.384671431,35013235.43951628,0.4417184078542857,0.5731142374999999,0.03735450023742857,0.17724643562971426
CH,2015,187361903.99945715,187020823.3782857,1132.042857142857,1660.7740000000003,6120.142857142857,1571.5428571428572,696.9714285714285,110.11428571428571,0.02857142857142857,0.0,138815832.77617142,10060655.899162855,38144334.70609143,0.44969377478285716,0.5830554743114286,0.03688647414028571,0.1772967104654286
CH,2016,186714469.2533428,186540558.72891432,1153.3011428571428,1693.4102857142857,6263.342857142857,1600.5428571428572,709.2857142857143,112.42857142857143,0.0,0.0,138379315.55462852,10229262.720597144,37931980.45748252,0.45549877046857135,0.582986685157143,0.03689585644657142,0.17966164229542855
CY,2011,8683168.82292,10430562.45512,66.76,126.24,1163.24,225.12,28.4,1.72,18.16,10.12,5060691.97064,1263601.50472,363111.47196,0.33424957487600004,0.3204784680276,0.0011278688524,0.22351590887119996
CY,2012,8469608.90542,9845666.194459999,72.16,137.16,1175.92,234.72,33.16,2.0,21.04,13.8,3930558.4098,1396546.0654,904521.4531200001,0.32875208020799995,0.33169940381800006,0.0017320456656,0.2854409913188
CY,2013,7942444.81866,10301728.711480003,71.16,127.08,1241.0,290.4,37.16,2.6,20.6,14.8,4270006.4438,1439564.85648,1055492.05316,0.35365645996,0.3417948766463999,0.0022251981844000003,0.27959293577359995
CY,2014,9020879.944073914,10581405.401686955,85.52173913043478,149.1304347826087,1489.7391304347825,323.5217391304348,48.21739130434783,3.260869565217391,30.0,26.47826086956522,4407384.5885217395,1594814.9282608693,832567.5536521738,0.3576519947043478,0.3990652281639132,0.0027107158466086957,0.23214695536391303
CY,2015,8770704.305538459,10216736.32043077,77.65384615384616,138.84615384615384,1380.8076923076924,300.5769230769231,48.92307692307692,3.576923076923077,31.23076923076923,30.5,4201764.534153846,1358185.5160307693,1167124.2514246153,0.36357040050384604,0.34722927764153844,0.009135712935423076,0.28105939095076926
CY,2016,8429681.29805,9481569.283415386,78.88461538461539,139.30769230769232,1633.3076923076924,336.0769230769231,51.69230769230769,3.423076923076923,32.15384615384615,25.846153846153847,4013038.2540384624,1446605.5738576923,974539.5626211539,0.35781058789230763,0.3174524882542308,0.002672854947692308,0.4223357636480769
CZ,2011,33606503.26949999,40649016.873958334,257.9553888888888,453.70513888888877,5196.638888888889,1260.388888888889,357.875,33.708333333333336,69.86111111111111,96.69444444444444,31083526.441158965,0.0,0.0,0.19082839070972224,0.5274613442680557,0.010197230553583334,0.10496052145043056
CZ,2012,35416552.26511267,35846017.81380282,238.23942253521136,420.7602676056338,5175.718309859155,1304.9295774647887,356.11267605633805,38.12676056338028,77.90140845070422,102.32394366197182,25598102.513586793,0.0,0.0,0.19089030325774647,0.5480314166929577,0.015875567048323946,0.12288304948028168
CZ,2013,39601913.05015716,40024503.86905714,237.89975714285708,428.0867714285714,5037.071428571428,1295.5714285714287,359.5,34.92857142857143,86.25714285714285,106.71428571428571,28529554.828649748,0.0,0.0,0.22860453062142858,0.5336648476014287,0.012486555117428568,0.13561189004855717
CZ,2014,40923984.78085916,0.0,237.39126760563374,430.0442816901406,4676.169014084507,1226.0985915492959,347.09859154929575,35.23943661971831,118.94366197183099,142.3661971830986,41490769.15895775,0.0,0.0,0.2912723201309859,0.5628374785676056,0.013158277328507042,0.15877891571936614
CZ,2015,42240754.312911764,42635589.51007353,330.4654264705883,609.0424705882352,4573.029411764706,1189.0,356.0147058823529,35.911764705882355,146.52941176470588,142.30882352941177,42635589.51007353,0.0,0.0,0.31193111059705886,0.5495970486044119,0.013821633823941176,0.12816667553852942
CZ,2016,40842424.257895514,41368673.31252239,329.4485373134328,606.0452686567165,4427.074626865671,1121.2686567164178,352.1940298507463,35.44776119402985,155.16417910447763,146.73134328358208,41368673.31252239,0.0,0.0,0.3179175720552239,0.5329400344686567,0.015327484220850748,0.1347346083219403
DE,2011,55302537.903114475,63178416.09126195,517.6866485013624,1069.7956403269754,6154.283378746594,989.1961852861035,292.3351498637602,70.73841961852861,56.87193460490463,89.06811989100818,43817597.325886175,3298022.6509598847,12981827.875066975,0.32733351288351487,0.44361814077934597,0.030952623307133505,0.10028317787629423
DE,2012,56071563.29702035,63004501.17230468,520.2321899736148,1062.519788918206,6266.870712401055,1014.0263852242743,289.2532981530343,68.32717678100263,58.992084432717675,89.7071240105541,43587461.358408436,2798874.636852434,13391763.187725969,0.33327009297810034,0.4576642294758047,0.03511613963068075,0.1025465606852111
DE,2013,57812995.07922854,64029753.489754826,533.4177545691906,1078.6657963446476,6509.391644908616,1061.5874673629244,287.92167101827675,70.30026109660574,59.96344647519582,92.8355091383812,43945132.89709036,2676315.163957061,13991593.541548906,0.3467411399733685,0.4569069255490858,0.03259312493063185,0.10669741127362392
DE,2014,59844814.22924379,66112855.98854013,536.0077120822622,1075.1953727506427,6619.182519280205,1106.0334190231363,283.38817480719797,70.01028277634961,67.88431876606684,108.60411311053984,45899405.815219045,2503465.3957486255,14284729.002122167,0.3451342068386886,0.45934458786786614,0.028971795151969168,0.1099056870465039
DE,2015,62076568.18869494,69109610.46573138,539.6717948717949,1086.325641025641,6754.946153846154,1154.202564102564,279.7230769230769,72.54358974358975,74.87179487179488,110.06923076923077,48186578.30676278,2699934.8379323087,14593968.287324172,0.3455516447479485,0.4588458892092304,0.027055736816976927,0.1106120907127974
DE,2016,62012629.33336028,65148192.65347729,539.7760814249364,1091.4173027989823,6710.839694656489,1148.498727735369,272.58015267175574,71.12468193384224,69.73282442748092,111.44020356234097,47292680.6437865,2701260.5808788445,14225825.946813386,0.3476664463394657,0.44569586463028044,0.025238522062010167,0.11325243131784479
DK,2011,92810242.60291176,94577438.9335294,495.5882352941176,894.2352941176471,6721.382352941177,1611.5,263.2647058823529,45.588235294117645,161.6764705882353,86.76470588235294,64436496.31167647,3380184.862799411,24183008.51385294,0.0,0.4688237516288234,0.01140631587982353,0.10810375006117645
DK,2012,92827190.44476473,97377997.82967646,525.291506082353,932.9938762058822,8033.85294117647,1847.6764705882354,279.9117647058824,54.8235294117647,155.02941176470588,97.6470588235294,65500826.990617625,3216853.7397794123,25460989.09517647,0.0,0.47286779136147045,0.014008395394294118,0.097439223035
DK,2013,100317177.09472728,103707853.7219091,797.7575757575758,1314.969696969697,8638.060606060606,2033.939393939394,293.6666666666667,63.15151515151515,141.6060606060606,100.54545454545455,70016094.96563639,3500097.6358515155,27874678.357575756,0.528439096039394,0.47596502158545445,0.013551874868454543,0.1029679437881818
DK,2014,0.0,0.0,0.0,0.0,0.0,0.0,0.0,0.0,140.36363636363637,121.96969696969697,0.0,0.0,0.0,0.0,0.0,0.0,0.0
DK,2015,0.0,0.0,0.0,0.0,7951.454545454545,1987.939393939394,284.1212121212121,64.9090909090909,145.96969696969697,122.87878787878788,0.0,0.0,0.0,0.0,0.48973238697393934,0.01367570081521212,0.0
DK,2016,0.0,0.0,0.0,0.0,7801.393939393939,2317.7272727272725,281.6060606060606,65.45454545454545,145.5151515151515,138.42424242424244,0.0,0.0,0.0,0.0,0.49381282171484836,0.01219923538830303,0.0
EE,2011,0.0,0.0,0.0,0.0,2143.2,369.43333333333334,101.7,6.2,31.0,36.06666666666667,0.0,0.0,0.0,0.0,0.5423626340300001,0.0036824973614666663,0.04476538732543334
EE,2012,0.0,0.0,0.0,0.0,2129.7241379310344,366.58620689655174,104.96551724137932,7.931034482758621,36.96551724137931,39.689655172413794,0.0,0.0,0.0,0.0,0.5246332832662068,0.005567596355517241,0.048821914328931036
EE,2013,0.0,0.0,0.0,0.0,2192.923076923077,383.65384615384613,114.6923076923077,7.923076923076923,42.57692307692308,38.84615384615385,0.0,0.0,0.0,0.0,0.5267728131407693,0.004466939991269231,0.04828779015323077
EE,2014,0.0,0.0,0.0,0.0,2092.44,411.32,116.12,8.08,68.44,65.04,0.0,0.0,0.0,0.0,0.5416828918044001,0.00396288117004,0.05846895449980001
EE,2015,19835332.156375,21193173.031875,0.0,0.0,2010.7916666666667,418.25,118.04166666666667,9.791666666666666,76.91666666666667,60.166666666666664,11090567.47312125,1915696.8001625005,8186908.759383335,0.0,0.5345516747770832,0.0056670388075,0.06721411978770835
EE,2016,18572078.949545458,20063105.797,0.0,0.0,2052.681818181818,424.04545454545456,119.77272727272727,11.409090909090908,89.54545454545455,64.5909090909091,14051361.54720091,2141976.533259091,3869767.7176727275,0.0,0.5187059138681819,0.008751673876818182,0.08378681888313635
ES,2011,0.0,0.0,1091.7432034641558,1857.7017316142862,20423.597402597403,3460.948051948052,0.0,123.03896103896103,401.90909090909093,467.16883116883116,0.0,0.0,0.0,0.3822543468818181,0.5194564475662334,0.028088049613025964,0.049952582930051954
ES,2012,0.0,0.0,1040.177866687125,1771.8316999899998,19357.1125,3429.125,0.0,131.2125,384.525,446.25,0.0,0.0,0.0,0.3744659410762499,0.5054697459525,0.029115739207262507,0.052808561212499994
ES,2013,0.0,0.0,1026.2662999705,1749.5439499845002,19246.3625,3764.45,0.0,136.0,379.45,416.525,0.0,0.0,0.0,0.39219445738,0.52469764346,0.028303777636450013,0.05893922142285
ES,2014,0.0,0.0,1004.809958841975,1712.8694156386432,18594.802469135804,3687.567901234568,395.8024691358025,139.64197530864197,431.22222222222223,376.0987654320988,0.0,0.0,0.0,0.4065344703024692,0.5247878901790124,0.029432598500111113,0.06347968879296297
ES,2015,0.0,0.0,1101.2807298435368,1807.5602745431706,18204.158536585364,3581.0365853658536,678.390243902439,179.1341463414634,453.1829268292683,465.2560975609756,0.0,0.0,0.0,0.41230203931341464,0.5363926652414635,0.03968576506960976,0.07425946736698782
ES,2016,0.0,0.0,1105.4746166898778,1824.4657548540247,18212.134146341465,3633.9146341463415,872.5365853658536,244.5,472.9024390243902,464.8414634146341,0.0,0.0,0.0,0.41709690652560966,0.54162536547439,0.053323447564085365,0.07645834891984148
FI,2011,67056184.378568195,67056184.378568195,570.2765659704543,971.9372911522731,6560.113636363636,1125.5454545454545,458.97727272727275,42.09090909090909,141.61363636363637,119.81818181818181,0.0,0.0,0.0,0.4892656336295454,0.5165059391347727,0.01905721207227273,0.05908809378081817
FI,2012,68872294.14104545,68872294.14104545,571.3636363636364,946.8704545454544,6552.818181818182,1169.0227272727273,468.02272727272725,41.61363636363637,147.97727272727272,124.9090909090909,0.0,0.0,0.0,0.49226947383636366,0.518795832985682,0.019676896415681818,0.056713792868636356
FI,2013,70011040.78571428,70011040.78571428,592.3212452380952,997.40245,6804.190476190476,1267.7619047619048,482.92857142857144,45.45238095238095,158.5952380952381,132.5952380952381,0.0,0.0,0.0,0.4916903433880953,0.5169930017538096,0.020379278925,0.05944789460714287
FI,2014,70893805.0304634,70893805.0304634,596.2590341463415,990.7102902439026,6892.90243902439,1320.5365853658536,484.609756097561,49.36585365853659,205.82926829268294,162.1951219512195,0.0,0.0,0.0,0.49403862249024383,0.5154139325756097,0.021972381766829266,0.05732842339414634
FI,2015,71345620.04585364,75797932.3102439,583.4831951219513,963.6591365853658,6771.609756097561,1388.8292682926829,476.2682926829268,48.853658536585364,216.26829268292684,171.3170731707317,60881529.30758538,0.0,14916403.001558533,0.49674285327804873,0.5139538963892682,0.019148926773902442,0.0610630391182927
FI,2016,69154796.43292682,70765751.66487806,577.4628878048779,936.4627999999999,6747.756097560976,1355.658536585366,460.2439024390244,49.02439024390244,225.85365853658536,178.78048780487805,57427090.93792683,0.0,13338660.73147317,0.48493673046097574,0.5133612929363415,0.0196534184302439,0.061978135743902436
FR,2011,0.0,0.0,0.0,0.0,4721.732352941176,1965.894117647059,215.95,44.17941176470588,54.555882352941175,64.8970588235294,0.0,0.0,0.0,0.0,0.2353547438943824,0.010511021694133822,0.0694816919486559
FR,2012,32924886.003214084,35467419.341,0.0,0.0,4761.463343108504,2034.574780058651,211.40469208211144,45.18475073313783,53.68035190615836,69.20527859237536,26311182.83908798,839211.5065367194,2310655.3316960135,0.0,0.2405418576229911,0.012667628177313782,0.07215011487700877
FR,2013,29880413.674704615,31143346.105124664,0.0,0.0,4522.672086720867,1916.6124661246613,193.8780487804878,41.111111111111114,48.989159891598916,64.84281842818429,24163054.460362054,792531.9257120275,2142867.297774797,0.0,0.279564005521599,0.011052749502620328,0.07114580354601627
FR,2014,25679238.249454793,26909194.388172876,0.0,0.0,4549.699468085107,1906.9813829787233,187.81648936170214,0.0,50.609042553191486,76.04255319148936,20620631.59219628,651906.7480932229,1887526.318353988,0.1252199940893617,0.27999270135587767,0.0,0.06631363296066486
FR,2015,0.0,0.0,0.0,0.0,0.0,0.0,0.0,0.0,51.85978835978836,78.71693121693121,0.0,0.0,0.0,0.0,0.0,0.0,0.0
FR,2016,0.0,0.0,0.0,0.0,0.0,0.0,0.0,0.0,48.83733333333333,79.744,0.0,0.0,0.0,0.0,0.0,0.0,0.0
FR,2017,0.0,0.0,0.0,0.0,4276.2962962962965,0.0,0.0,0.0,0.0,0.0,0.0,0.0,0.0,0.0,0.22290204435740746,0.0,0.05448885436615078
GR,2011,0.0,0.0,0.0,0.0,6489.9,1224.02,482.84,34.52,36.06,70.98,0.0,0.0,0.0,0.2586254134839999,0.4297585911299999,0.015433328408419999,0.07289547096659998
GR,2012,0.0,0.0,0.0,0.0,6734.2,1226.02,477.74,30.44,29.16,84.3,0.0,0.0,0.0,0.25550799978600003,0.41179119718639995,0.0156358531924,0.06734565631732002
GR,2013,0.0,0.0,0.0,0.0,7194.936170212766,1323.3617021276596,490.7659574468085,33.91489361702128,38.8936170212766,93.02127659574468,0.0,0.0,0.0,0.2389727963106383,0.41318833022127655,0.017159868084255316,0.06969092976902128
GR,2014,0.0,0.0,0.0,0.0,13591.551020408164,0.0,472.57142857142856,0.0,57.795918367346935,101.42857142857143,0.0,0.0,0.0,0.2525916509204082,0.37697529228755094,0.0,0.0
GR,2015,0.0,0.0,0.0,0.0,15084.553191489362,1440.3191489361702,503.1914893617021,42.5531914893617,74.51063829787235,119.76595744680851,0.0,0.0,0.0,0.24564037169361702,0.4038892028410638,0.018295665197765956,0.019543096467170215
GR,2016,0.0,0.0,364.06382978723406,0.0,14999.340425531915,1425.276595744681,610.1702127659574,39.8936170212766,81.55319148936171,123.42553191489361,0.0,0.0,0.0,0.26693124985957445,0.39634005581702136,0.014037414052936169,0.013840924315553196
HR,2011,0.0,0.0,366.55937500000016,0.0,4692.03125,1159.5,101.09375,33.5,9.03125,27.4375,0.0,0.0,0.0,0.41688992468437497,0.4827263184637501,0.004824395186562499,0.0
HR,2012,0.0,0.0,355.57575757575773,0.0,4812.939393939394,1154.3030303030303,110.06060606060606,40.54545454545455,16.0,33.96969696969697,0.0,0.0,0.0,0.43369742661212124,0.48778790539393935,0.006635902812727273,0.0
HR,2013,0.0,0.0,324.99722222222215,0.0,4477.694444444444,990.3888888888889,89.41666666666667,23.02777777777778,21.61111111111111,38.72222222222222,0.0,0.0,0.0,0.41989337121111125,0.4731925706572222,0.0033227259159166666,0.00436296952625
HR,2014,0.0,0.0,311.1621621621621,0.0,4260.810810810811,920.8378378378378,84.5945945945946,23.10810810810811,44.7027027027027,50.83783783783784,0.0,0.0,0.0,0.4334299406594595,0.4970866231664866,0.004625802106216216,0.0056662812181891885
HR,2015,0.0,0.0,315.24864864864867,0.0,4252.675675675676,944.1891891891892,85.32432432432432,23.7027027027027,56.54054054054054,53.83783783783784,0.0,0.0,0.0,0.44375212701081085,0.5027470161364864,0.00326512153527027,0.004700655411054053
HR,2016,0.0,0.0,318.3675675675676,0.0,4333.540540540541,893.8918918918919,89.48648648648648,17.37837837837838,62.189189189189186,56.16216216216216,0.0,0.0,0.0,0.4497526474027027,0.5063615495108107,0.0029036590756756756,0.007117347219216216
HU,2011,55543863.398753844,61267293.66418461,326.53846153846155,884.5769230769231,6700.75,1157.1153846153845,138.46153846153845,23.673076923076923,61.26923076923077,83.0576923076923,14466893.285001157,1033734.6757619233,24229664.345782153,0.3470940692713462,0.5254093882846154,0.013189812362442306,0.06700716615236538
HU,2012,0.0,0.0,0.0,0.0,0.0,0.0,0.0,0.0,69.6923076923077,84.07692307692308,0.0,0.0,0.0,0.0,0.0,0.0,0.0
HU,2013,53671149.098875,66552774.19916924,340.5923076923076,870.7269230769228,5978.673076923077,1279.826923076923,140.05769230769232,14.73076923076923,78.51923076923077,77.17307692307692,32395231.75025095,1204476.4430496152,7367397.879092223,0.4007988158923077,0.5108584105730769,0.005334644377269231,0.06154179807288462
HU,2014,53045165.4495904,65376248.99608077,335.3788461538461,900.5230769230772,5679.0192307692305,1349.2884615384614,137.1153846153846,17.76923076923077,103.48076923076923,102.59615384615384,36057477.21528268,0.0,3021479.6065990394,0.3970761901365385,0.48621302264423083,0.005324489558307693,0.06643140333440385
HU,2015,46224475.24646,68817528.31021999,354.8280000000001,967.734,5673.4,1332.32,144.68,19.58,118.78,105.28,38791300.67514,0.0,1324244.3493569999,0.4090918447359997,0.48226911302400005,0.007280888141200001,0.053616788311019986
HU,2016,0.0,0.0,340.5264150943394,939.9275471698115,5248.7169811320755,1248.8867924528302,138.56603773584905,23.528301886792452,108.60377358490567,103.9622641509434,0.0,0.0,0.0,0.3985408997339623,0.5365692567075472,0.012385180481849058,0.08801295642037736
IE,2011,76266744.88462962,79252593.72822224,456.907037037037,840.2240740740739,6480.777777777777,2025.2222222222222,326.74074074074076,53.333333333333336,155.2962962962963,99.62962962962963,25850905.104148146,30250021.24907406,23151667.37374815,0.4271715463444445,0.5358863890962964,0.015046075041925929,0.11577433429851852
IE,2012,74272300.37325926,79100492.40566665,463.644074074074,842.01962962963,6727.333333333333,2119.185185185185,302.1111111111111,56.407407407407405,167.74074074074073,100.03703703703704,24011257.078851853,31600094.249814812,23489141.074716672,0.4534167974851852,0.532374211788889,0.016328216187518518,0.12834074020444447
IE,2013,76533563.50640742,80823393.26744442,455.7707407407408,838.5581481481485,6851.592592592592,2247.185185185185,292.4074074074074,63.81481481481482,176.62962962962962,108.0,22330500.7871111,33716114.326222226,24776778.15292074,0.4586556500518519,0.5091382075148149,0.015434452012000001,0.12964116780629634
IE,2014,64790969.08348147,66556986.29977779,472.7481481481482,855.318837037037,7032.148148148148,2399.222222222222,302.1111111111111,64.44444444444444,188.74074074074073,118.74074074074075,17939555.48748149,29838625.55229629,18778805.2607274,0.45787119025185197,0.5120257447296297,0.016520304686851853,0.12998632923074072
IE,2015,80742733.84407406,82329785.90329628,482.11925925925925,871.9981481481483,7252.7037037037035,2327.925925925926,309.8888888888889,52.370370370370374,203.44444444444446,122.77777777777777,20105145.28562963,37422675.839185186,24801964.782098882,0.4690814333999999,0.538886165462963,0.01318731784885185,0.1258984476318148
IE,2016,86025402.67608,88082990.88192001,537.0572,966.9295999999998,8040.28,2678.4,334.2,62.08,224.32,146.44,21603778.050160002,40888227.60504001,25590985.232352,0.449890260964,0.5073979900960001,0.013802584758560001,0.11959277271228003
IS,2011,0.0,0.0,0.0,0.0,2608.4285714285716,0.0,64.28571428571429,0.0,65.0,37.285714285714285,0.0,0.0,0.0,0.0,0.4342609766142857,0.0,0.0
IS,2012,0.0,0.0,0.0,0.0,2640.285714285714,0.0,67.42857142857143,0.0,70.42857142857143,36.42857142857143,0.0,0.0,0.0,0.0,0.24396109589999998,0.0,0.0
IS,2013,0.0,0.0,0.0,0.0,2640.285714285714,0.0,67.42857142857143,0.0,72.28571428571429,33.857142857142854,0.0,0.0,0.0,0.0,0.24396109589999998,0.0,0.0
IS,2014,0.0,0.0,0.0,0.0,2636.4285714285716,0.0,74.28571428571429,11.714285714285714,84.42857142857143,58.285714285714285,0.0,0.0,0.0,0.0,0.42934651317142863,0.0,0.0
IS,2015,0.0,0.0,0.0,0.0,0.0,0.0,0.0,0.0,100.57142857142857,59.857142857142854,0.0,0.0,0.0,0.0,0.0,0.0,0.0
IS,2016,0.0,0.0,0.0,0.0,0.0,0.0,0.0,0.0,114.0,64.57142857142857,0.0,0.0,0.0,0.0,0.0,0.0,0.0
IT,2011,74188052.47478412,84438532.2393807,0.0,0.0,10233.15340909091,1880.8068181818182,196.26136363636363,64.0,98.24431818181819,131.3465909090909,60379358.99033919,13309015.38620795,10034007.13894165,0.33866154412556826,0.4751317408590909,0.015632533047857958,0.04691523990811535
IT,2012,73507192.61732957,83686047.47471593,0.0,0.0,10121.5625,1988.0227272727273,199.16477272727272,65.9659090909091,95.02272727272727,142.5284090909091,59680113.8831818,13645142.245602839,9784071.083195714,0.33116159215909113,0.5088114206198862,0.019594358649187505,0.06404678898455682
IT,2013,72362369.8629943,80747952.54409657,0.0,0.0,10245.0,1986.0227272727273,193.85795454545453,61.02840909090909,98.19318181818181,148.54545454545453,56196914.031500526,13651668.468549429,9981319.94163504,0.33706487403011354,0.506945344132955,0.03149526824127841,0.07875763362038635
IT,2014,58981218.31538606,65333302.08634885,0.0,0.0,8300.781395348837,1682.0883720930233,152.4418604651163,49.93953488372093,93.6046511627907,152.0186046511628,45278654.967764795,11580929.115905585,7451091.919224894,0.30905635574790696,0.5124494567358139,0.014508964413446514,0.07083283209048696
IT,2015,58148507.59699068,65590199.112623245,0.0,0.0,8085.460465116279,1660.706976744186,137.66511627906976,48.74418604651163,109.83720930232558,169.22790697674418,45558329.23218656,12033150.390148371,6613121.987135847,0.30290479396232556,0.5012403790962789,0.015677223129097678,0.08139886476033023
IT,2016,0.0,0.0,0.0,0.0,8324.00925925926,1639.6990740740741,128.15277777777777,45.96296296296296,117.12962962962963,173.04166666666666,0.0,0.0,0.0,0.3114100895046296,0.5162954464305558,0.014194304693097218,0.0899247023529491
LI,2011,12311040.11,12726371.31,64.4,122.2,854.0,205.0,20.0,0.0,43.0,38.0,8373554.14,488149.1165,2410370.325,0.2956521739,0.3524590164,0.0,0.8864168618
LI,2012,13040837.31,13279385.17,62.6,128.1,762.0,299.0,20.0,0.0,39.0,26.0,9072008.421,469275.2115,2566204.024,0.3063063063,0.3241469816,0.0,0.8937007874
LI,2013,12403854.2,12721255.97,56.4,123.7,711.0,254.0,21.0,4.0,37.0,30.0,8831579.521,458505.0813,2440540.79,0.3367346939,0.323488045,0.0157480315,0.905766526
LI,2014,12744772.26,13070897.77,69.9,123.9,636.0,270.0,20.0,7.0,40.0,50.0,9074314.15,471107.0242,2507618.685,0.3445378151,0.3254716981,0.02592592593,0.9088050314
LI,2015,14415100.39,14868621.71,67.4,122.5,632.0,191.0,26.0,7.0,60.0,49.0,9604327.537,523212.2889,3654216.789,0.375,0.3686708861,0.03664921466,0.917721519
LI,2016,12519247.56,13138725.45,64.4,119.5,619.0,233.0,35.0,5.0,39.0,47.0,9286735.782,550653.5557,2327225.501,0.4159292035,0.408723748,0.02145922747,0.9095315024
LT,2011,15721855.39513954,18991391.668193016,217.72093023255815,447.51162790697674,3874.0697674418607,972.7674418604652,61.13953488372093,7.232558139534884,36.25581395348837,81.37209302325581,8179793.060383719,4133232.5423,6678366.0660906285,0.5011396294046512,0.480405506694186,0.003834698900813954,0.036438631907534894
LT,2012,15940349.387348838,19946481.427497674,243.72093023255815,507.30232558139534,3541.139534883721,937.6046511627907,57.116279069767444,8.674418604651162,45.46511627906977,80.95348837209302,9249047.373874418,4026616.0378697673,6670818.014575186,0.5214986770069767,0.48101252805372086,0.0035744189725581393,0.04108723585181395
LT,2013,15631018.269879544,18931462.426495448,230.45454545454547,482.6818181818182,3248.4772727272725,860.4090909090909,55.09090909090909,9.590909090909092,49.88636363636363,76.6590909090909,8885914.012838406,3661560.2198022725,6383988.193174773,0.5164589547636365,0.4703030547859091,0.004101119332022728,0.020050900996045454
LT,2014,16070916.521439534,17695745.318637207,222.06976744186048,467.74418604651163,3129.3488372093025,741.6046511627907,54.95348837209303,8.627906976744185,69.51162790697674,106.53488372093024,6935830.56188558,3795175.169686046,6964739.585457676,0.5379688282279069,0.5102634535923257,0.004023956062441861,0.022660827333651164
LT,2015,15873399.743327906,19760979.17667209,160.29232558139532,343.9970930232559,2802.0232558139537,685.5348837209302,56.674418604651166,8.883720930232558,81.5813953488372,126.20930232558139,7119764.360091162,3638667.444732558,9002547.370906044,0.43766087108139523,0.3990438969427907,0.005036235481744186,0.026323054594511633
LT,2016,14215338.299002325,15103034.205351159,156.93023255813952,327.8837209302326,2661.0232558139537,629.6279069767442,56.25581395348837,6.488372093023256,84.51162790697674,125.37209302325581,7041933.1344986055,3581779.92568372,4479321.1455360465,0.4332305324232557,0.43062720332325577,0.004211907407441861,0.030597222863465116
LU,2011,104939228.1,111403180.1,741.98,1048.5,4320.0,803.0,390.0,57.0,82.0,427.0,0.0,4426200.572,15949493.9,0.219160105,0.5270833333,0.07098381071,0.4708333333
LU,2012,0.0,0.0,0.0,0.0,4574.0,0.0,459.0,0.0,93.0,405.0,0.0,0.0,0.0,0.0,0.0,0.0,0.0
LU,2013,141401259.6,143716160.7,0.0,0.0,4492.0,968.0,545.0,82.0,110.0,434.0,112612412.2,5702104.669,25123485.15,0.0,0.0,0.0847107438,0.0
LU,2014,140255967.2,146522717.9,1089.05,1446.45,4514.0,1015.0,569.0,106.0,120.0,471.0,105783540.9,6119628.16,33810500.84,0.0,0.0,0.1044334975,0.0
LU,2015,78946329.75,84797244.25,567.375,770.375,2225.5,0.0,301.5,0.0,89.0,247.0,64189323.6,3326591.7435,17181357.68,0.0,0.0,0.0,0.0
LU,2016,77806823.65,91586390.6,588.25,831.09,2267.0,520.0,301.5,0.0,85.5,237.5,67258825.45,3557843.304,20727598.455,0.0,0.0,0.0,0.0
LV,2011,0.0,0.0,0.0,0.0,1880.6530612244899,489.0408163265306,51.48979591836735,5.959183673469388,14.83673469387755,44.04081632653061,0.0,0.0,0.0,0.43923765294081635,0.541593668637143,0.003769111348163266,0.0
LV,2012,0.0,0.0,0.0,0.0,1826.2857142857142,420.7142857142857,51.3469387755102,5.387755102040816,18.714285714285715,43.04081632653061,0.0,0.0,0.0,0.43443296235102036,0.5276098543018365,0.0029271593729795916,0.0
LV,2013,0.0,0.0,0.0,0.0,1821.8478260869565,447.6521739130435,52.19565217391305,6.6521739130434785,22.26086956521739,46.630434782608695,0.0,0.0,0.0,0.4915943717173913,0.5484058011045653,0.003531905065391304,0.0
LV,2014,6742793.303555555,7148077.586048889,0.0,0.0,1796.9333333333334,367.4222222222222,48.77777777777778,5.555555555555555,38.55555555555556,52.75555555555555,4360832.497562223,1440416.090907911,1157755.1015195113,0.5041552317,0.5444379815993332,0.0038266779972222224,0.0
LV,2015,7590482.655122724,7820555.774545454,0.0,0.0,1805.75,364.5681818181818,52.5,5.568181818181818,46.97727272727273,54.59090909090909,4783903.941293183,1609591.0717125,1010360.838262841,0.5023660487227273,0.5535938533068182,0.004968012891068182,0.0
LV,2016,6968114.043654546,7116954.381961363,0.0,0.0,1777.5454545454545,343.0,52.02272727272727,4.159090909090909,51.88636363636363,57.04545454545455,4793781.438836365,1619391.032132954,526693.1960749998,0.4987504342727273,0.5423570153631818,0.0035916920614772726,0.0
ME,2011,0.0,0.0,0.0,0.0,0.0,0.0,0.0,0.0,0.0,0.0,0.0,0.0,0.0,0.0,0.0,0.0,0.0
ME,2012,0.0,0.0,0.0,0.0,0.0,0.0,0.0,0.0,0.0,0.0,0.0,0.0,0.0,0.0,0.0,0.0,0.0
ME,2013,0.0,0.0,0.0,0.0,0.0,0.0,0.0,0.0,0.0,0.0,0.0,0.0,0.0,0.0,0.0,0.0,0.0
ME,2014,0.0,0.0,0.0,0.0,0.0,0.0,0.0,0.0,0.0,0.0,0.0,0.0,0.0,0.0,0.0,0.0,0.0
ME,2015,0.0,0.0,0.0,0.0,0.0,0.0,0.0,0.0,0.0,0.0,0.0,0.0,0.0,0.0,0.0,0.0,0.0
ME,2016,0.0,0.0,0.0,0.0,0.0,0.0,0.0,0.0,0.0,0.0,0.0,0.0,0.0,0.0,0.0,0.0,0.0
MK,2011,0.0,0.0,0.0,0.0,5806.4,1002.9,45.6,19.7,0.0,0.0,0.0,0.0,0.0,0.27474414667900005,0.41557283437,0.0054633857531,0.043227841337499996
MK,2012,0.0,0.0,0.0,0.0,5646.1,1102.6,22.6,14.6,0.0,0.0,0.0,0.0,0.0,0.29935914037,0.4281619009399999,0.0034222530068200004,0.0242077636845
MK,2013,0.0,0.0,0.0,0.0,5645.6,1026.4,13.1,21.9,0.0,6.9,0.0,0.0,0.0,0.30354142009,0.41386698792,0.006072338168,0.0639426915338
MK,2014,0.0,0.0,0.0,0.0,4223.0,803.0,29.53846153846154,15.692307692307692,5.076923076923077,13.692307692307692,0.0,0.0,0.0,0.2266938809923077,0.21375170805384616,0.004461436404307692,0.05842478012676923
MK,2015,0.0,0.0,0.0,0.0,3545.3571428571427,0.0,0.0,0.0,7.857142857142857,14.214285714285714,0.0,0.0,0.0,0.27656939576428574,0.0,0.0,0.0
MK,2016,0.0,0.0,0.0,0.0,3051.375,0.0,0.0,0.0,10.9375,20.4375,0.0,0.0,0.0,0.326801334175,0.0,0.0,0.0
MT,2011,84878263.11,103684985.1,791.0,1550.0,10023.0,3345.0,73.0,19.0,407.0,123.0,82718754.23,9901585.525,7157481.815,0.3208685163,0.5828594233,0.005680119581,0.04649306595
MT,2012,97908020.84,106319824.7,932.0,1763.0,13248.0,4349.0,78.0,24.0,477.0,161.0,82136854.36,11157037.12,9443528.027,0.3113865221,0.5539704106,0.005518510002,0.05812198068
MT,2013,47088685.050500005,48049665.315,549.0,989.0,6121.5,1887.5,47.5,11.0,247.5,110.0,38452185.8055,5238446.55,2714477.95,0.41320687185,0.48787609865,0.0035188739605,0.041347698895
MT,2014,49096030.417,50393210.226,585.0,1023.5,6345.5,1907.5,56.5,15.0,262.5,180.5,40571277.5865,5107589.2886500005,2650244.7855,0.3788971406,0.5365322613,0.0047229219145,0.031638624725
MT,2015,52347103.508999996,54387534.860999994,606.5,1055.0,6389.5,2131.5,64.5,18.5,259.0,203.0,43483107.9505,5872171.449,2803072.7895,0.3913971249,0.5300263024,0.00612177366,0.05142204958
MT,2016,52858216.91150001,53187602.247,618.0,1049.5,6593.0,2077.0,74.5,27.0,292.5,230.0,41043826.475,6969990.813499999,2968782.465,0.38770517385000003,0.5386491447499999,0.008050089445,0.056148731560000005
NL,2011,141341643.25594735,154411617.0696316,756.0018000394736,1309.8032710463158,11720.649122807017,2577.245614035088,152.74766842105265,67.59649122807018,141.17543859649123,154.42105263157896,95485104.85782458,18607459.986805268,28791206.211328242,0.4232384672052632,0.5156073356666666,0.013041247303508773,0.0
NL,2012,150548907.06849086,164339176.82998174,796.9656426661821,1367.003976974,12380.654545454545,2451.0363636363636,158.35729454545452,75.2,150.6,175.6,101222401.9685636,20654399.55834182,30770978.7160669,0.42186712022000006,0.4954475245345455,0.01607229931781818,0.0
NL,2013,152570779.14876792,167344802.5920892,799.1777339285715,1363.6453390000001,12368.17857142857,2467.8214285714284,155.38680535714283,80.23214285714286,149.71428571428572,182.73214285714286,103382455.61005357,21364112.238601774,30204379.979868744,0.3688759217035713,0.5126004238767855,0.019786150562357142,0.0
NL,2014,153301011.35878572,169568501.85660714,823.7330152637502,1386.2272790160712,12506.92857142857,2575.4464285714284,156.13498214285715,82.41071428571429,162.89285714285714,214.83928571428572,104716375.43529463,21909318.108460713,30685378.284671962,0.42993343036071424,0.4803748076053571,0.019405779794821425,0.0
NL,2015,163975052.42303568,177724265.72091073,847.670170594464,1417.5573986092857,12687.892857142857,2622.375,155.75385892857142,85.05357142857143,188.91071428571428,237.03571428571428,108714123.24776785,23516484.652350012,33308868.335798584,0.10869195449464285,0.48987787462321425,0.020024130578571425,0.0
NL,2016,163906212.62862492,176327844.59346437,871.341973214286,1451.3146654107147,12867.55357142857,2712.6785714285716,159.00474285714284,88.46428571428571,201.10714285714286,253.32142857142858,107719496.89201783,23735924.339464296,32227645.280368216,0.11168017592142856,0.4964413598089286,0.020651402446964284,0.0
NO,2011,53162631.17203998,57887943.03158,377.1479999999999,638.8780000000003,4564.4,1248.8,180.76,26.4,72.64,31.6,43303816.94787999,2498183.20466276,9918669.6573312,0.39783238662600007,0.569412778018,0.01656157169892,0.05246078558888002
NO,2012,56753753.1169,59744045.97927997,378.7059999999999,645.566,4796.2,1273.88,190.64,29.14,80.42,33.9,43339971.07440001,2162984.312805803,9944168.583545962,0.40390102307,0.5913800766720001,0.017575697122822,0.06160540520256001
NO,2013,56826511.249240026,61196139.26252,389.62999999999994,664.4961999999998,4909.46,1343.2,188.66,30.32,85.44,32.9,47091773.09222,2506922.0141282207,9699976.152776899,0.43156448379599993,0.605462256082,0.019414969077729997,0.07011377190899999
NO,2014,62719119.68377086,66413916.476604156,416.1041666666667,719.5208333333334,5248.791666666667,1432.5208333333333,199.70833333333334,29.895833333333332,109.29166666666667,41.0625,52325269.15137499,2457617.613850042,8632527.435538126,0.4463321063333334,0.6187181244208334,0.012620754088539589,0.08431299936868751
NO,2015,64101240.41520833,68661210.48168747,434.31041666666664,740.8837500000001,5483.145833333333,1432.8958333333333,205.64583333333334,29.6875,123.45833333333333,49.5,53747598.03281245,2586794.5759281465,10499328.694756787,0.4577044475562499,0.6049976887166666,0.013701165889916668,0.09132685520104165
NO,2016,81672819.32659459,86331706.09386484,589.3135135135137,995.9935135135133,7284.216216216216,1871.027027027027,278.13513513513516,37.91891891891892,165.48648648648648,67.70270270270271,68650705.6311892,3944487.2410354866,13736513.221610272,0.4845072839243244,0.6171788922243242,0.013357820392999998,0.05223785601540541
PL,2011,19750239.29229021,20140486.151940558,348.33216783216784,624.9125874125874,6414.171328671328,1994.1013986013986,130.93006993006992,14.286713286713287,26.916083916083917,50.01748251748252,11908804.547587415,2605923.2816676926,2598419.3338684742,0.0,0.5579052827349653,0.0044919037163601416,0.008044405052783567
PL,2012,21714247.112191185,21619119.57666176,359.12132352941177,649.7904411764706,6361.3125,1947.3125,144.6764705882353,0.0,34.268382352941174,55.018382352941174,13149820.927911762,2540422.7254934926,2463239.779371294,0.0,0.5458411835698529,0.0,0.011492029561935294
PL,2013,22158664.126564287,22971797.08324642,343.56999999999994,620.9582142857138,5780.817857142857,1782.8535714285715,143.68571428571428,0.0,37.042857142857144,52.14642857142857,14849731.528524997,2260088.7501492864,2476078.4269403596,0.0,0.5542903471775004,0.0,0.017588860075217143
PL,2014,21304659.670237593,24456568.894836884,332.29219858156034,603.8946808510636,5452.2943262411345,1649.340425531915,143.24468085106383,0.0,48.38297872340426,70.79078014184397,16278710.924904259,2088306.602596135,2718851.1309675495,0.0,0.5915752273265954,0.0,0.029126947116404265
PL,2015,24356903.534718856,26343175.430519573,334.4946619217083,604.1387900355868,5298.964412811388,1568.2597864768684,144.77935943060498,0.0,59.736654804270465,73.97153024911032,18144398.925032027,2035455.6300724554,2961524.5584060643,0.0,0.5909884204451961,0.0,0.041121503612644134
PL,2016,0.0,22552789.350722633,342.7591240875912,618.170802919708,5251.19708029197,1722.905109489051,148.46350364963504,10.894160583941606,65.63868613138686,72.93430656934306,15367974.85174453,0.0,0.0,0.0,0.590765315260219,0.003676675415320072,0.04549242776916933
PT,2011,16612385.60945133,17368821.040115047,246.258407079646,378.2187123893805,3196.29203539823,678.141592920354,169.1504424778761,16.38053097345133,69.0,55.92035398230089,13840406.097477878,2626339.184138938,873444.5055297697,0.453051078961062,0.4660958046079647,0.005245666433097345,0.03973768103194691
PT,2012,17495780.31173585,19069999.49182076,245.3679245283019,245.3679245283019,3198.632075471698,716.0566037735849,182.5188679245283,23.18867924528302,79.33018867924528,64.4245283018868,13500861.869707545,3580534.8366792453,1953738.4442543392,0.45694848899622637,0.4960597667268867,0.008712921680943394,0.04710234095395281
PT,2013,21960516.885234047,23630363.89260638,260.6914893617021,260.6914893617021,3474.9574468085107,749.7765957446809,214.69148936170214,26.56382978723404,85.2872340425532,65.42553191489361,16695045.63638298,4115381.617836171,2770630.316631382,0.4538438955265957,0.4640826788042552,0.010987459342702127,0.0481943449015
PT,2014,23024450.72926373,24535662.744,267.4175824175824,417.7032967032967,3457.7912087912086,783.8241758241758,212.1978021978022,25.824175824175825,120.03296703296704,97.73626373626374,17657315.076307688,4245109.594161538,2580208.693732527,0.453665057731868,0.523460909134066,0.010602204231758243,0.055770817637956036
PT,2015,22922928.94785555,25177016.469200008,287.9,442.6222222222222,3551.9222222222224,774.2111111111111,211.56666666666666,25.977777777777778,141.85555555555555,106.57777777777778,17516899.167822227,4424904.34023889,3191872.866897001,0.4650697560944444,0.48052440788700007,0.009026272044233334,0.054143255156188896
PT,2016,21625624.35411459,23384798.58661459,280.59375,423.59375,3388.8854166666665,775.09375,203.92708333333334,22.239583333333332,144.13541666666666,107.17708333333333,16589532.170739582,4145210.122342708,2593721.9824909368,0.4560365384447918,0.4541465532963542,0.007393979595843751,0.06767030375291667
RO,2011,0.0,0.0,0.0,0.0,0.0,0.0,0.0,0.0,12.971698113207546,42.924528301886795,0.0,0.0,0.0,0.0,0.0,0.0,0.0
RO,2012,0.0,0.0,0.0,0.0,0.0,0.0,0.0,0.0,15.556603773584905,47.27358490566038,0.0,0.0,0.0,0.0,0.0,0.0,0.0
RO,2013,0.0,0.0,0.0,0.0,0.0,0.0,0.0,0.0,18.13,57.42,0.0,0.0,0.0,0.0,0.0,0.0,0.0
RO,2014,0.0,0.0,0.0,0.0,0.0,0.0,0.0,0.0,33.135416666666664,84.95833333333333,0.0,0.0,0.0,0.0,0.0,0.0,0.0
RO,2015,0.0,0.0,0.0,0.0,0.0,0.0,0.0,0.0,45.885416666666664,92.25,0.0,0.0,0.0,0.0,0.0,0.0,0.0
RO,2016,0.0,0.0,0.0,0.0,0.0,0.0,0.0,0.0,0.0,0.0,0.0,0.0,0.0,0.0,0.0,0.0,0.0
RS,2011,0.0,0.0,0.0,0.0,0.0,0.0,0.0,0.0,0.0,0.0,0.0,0.0,0.0,0.0,0.0,0.0,0.0
RS,2012,0.0,0.0,0.0,0.0,0.0,0.0,0.0,0.0,0.0,0.0,0.0,0.0,0.0,0.0,0.0,0.0,0.0
RS,2013,0.0,0.0,290.0,290.0,4513.875,875.325,192.8,18.35,0.0,0.0,0.0,0.0,0.0,0.17046263418000002,0.19496257151750002,0.0036304202225000007,0.0145822068881
RS,2014,0.0,0.0,282.0,282.0,4429.658536585366,877.1219512195122,213.73170731707316,26.29268292682927,0.0,0.0,0.0,0.0,0.0,0.17033116283902439,0.19064657808292682,0.004071238231219513,0.018966013132634147
RS,2015,0.0,0.0,254.41304347826087,0.0,4157.413043478261,793.3260869565217,219.69565217391303,23.065217391304348,0.0,0.0,0.0,0.0,0.0,0.1621187597326087,0.17405746554565218,0.005200345649630435,0.017605326987739128
RS,2016,0.0,0.0,291.30434782608694,0.0,5140.913043478261,1000.8260869565217,249.3695652173913,33.41304347826087,0.0,0.0,0.0,0.0,0.0,0.4998617499260869,0.5254498565086957,0.008796514759652175,0.02502505452345652
SE,2011,123392136.70556408,129574785.35282052,708.5846153846155,1229.1089743589744,10523.51282051282,1504.128205128205,547.4358974358975,85.58974358974359,232.3846153846154,87.35897435897436,84186432.71374361,177807.48925692312,39562714.156266674,0.4524944516974359,0.5523296149461538,0.035164926081358974,0.0505274220074359
SE,2012,131079702.9607949,136649700.3974872,706.4694871794873,1244.5448717948718,11820.948717948719,1613.5128205128206,553.2820512820513,85.71794871794872,238.66666666666666,92.23076923076923,87252449.5224872,480099.05306641024,42641011.534728214,0.475451782851282,0.5813345374743589,0.03426470093330769,0.04805851344738462
SE,2013,128754762.59280002,133919332.72609994,703.9799999999999,1237.8955,11165.075,1635.575,540.525,89.4,217.4,89.2,84157983.64604999,642284.1667912501,42685521.282065004,0.45279152950999996,0.5000053400399999,0.032937236398650004,0.048508636191750006
SE,2014,141858305.82264864,149160512.648973,777.6083783783782,1354.8635135135135,12005.243243243243,1825.4054054054054,578.027027027027,98.29729729729729,236.45945945945945,128.9189189189189,100822366.78662165,853882.6886341082,47484263.16449189,0.4771769186567567,0.48543034355945947,0.03684672172681081,0.03830746950162162
SE,2015,146615975.22129735,152325476.8694865,781.0662162162164,1350.2932432432428,11915.783783783783,1833.1081081081081,559.7027027027027,95.4054054054054,245.54054054054055,121.32432432432432,101287359.53289187,1153542.502651784,49884574.82602973,0.47888253258918934,0.5968078894108106,0.03527385946259459,0.04045989831972973
SE,2016,145406487.97370264,151397465.81845942,787.6467567567564,1354.6324324324328,11853.45945945946,1702.918918918919,547.6216216216217,96.94594594594595,255.1081081081081,122.10810810810811,100329388.73354056,1270658.1551218922,49797418.92252973,0.4804982573972973,0.5752559611702703,0.03689929968308108,0.045025540200810815
SI,2011,0.0,0.0,0.0,0.0,0.0,0.0,0.0,0.0,38.58974358974359,42.05128205128205,0.0,0.0,0.0,0.0,0.0,0.0,0.0
SI,2012,0.0,0.0,0.0,0.0,0.0,0.0,0.0,0.0,40.853658536585364,41.58536585365854,0.0,0.0,0.0,0.0,0.0,0.0,0.0
SI,2013,0.0,0.0,0.0,0.0,0.0,0.0,0.0,0.0,39.56818181818182,37.72727272727273,0.0,0.0,0.0,0.0,0.0,0.0,0.0
SI,2014,0.0,0.0,0.0,0.0,1491.2916666666667,322.8958333333333,55.666666666666664,14.875,48.5625,47.479166666666664,0.0,0.0,0.0,0.0,0.473037617823125,0.023692529075,0.041317777075416666
SI,2015,0.0,0.0,0.0,0.0,1357.26,319.8,46.98,20.64,53.72,46.82,0.0,0.0,0.0,0.0,0.4842970199144,0.12668423893782,0.0606817100628
SI,2016,0.0,0.0,106.92307692307692,162.8846153846154,1277.0865384615386,480.02884615384613,49.65384615384615,19.134615384615383,56.23076923076923,43.07692307692308,0.0,0.0,0.0,0.0,0.4953777182626924,0.14171452031346154,0.0891794570234615
SK,2011,26607855.92025,32079037.31365625,362.9375,675.6875,6378.78125,2186.46875,379.53125,52.1875,34.40625,83.75,30167973.680156246,1911063.6359234378,0.0,0.267050878625,0.56430272819375,0.0237433330769375,0.035908441395250006
SK,2012,29202219.627749998,35657843.31212499,365.0,677.96875,6047.65625,2167.34375,342.28125,68.0625,37.90625,93.71875,33482372.257781252,2175471.0528684375,0.0,0.268932933865625,0.5582451675531249,0.04618991271009374,0.04980820908134375
SK,2013,31618579.715874996,30509843.6515625,368.4375,683.9375,5700.875,2096.90625,312.78125,66.21875,40.90625,99.0625,27245352.974909365,2317022.757727187,947467.9193968751,0.2691697800281251,0.58015965223125,0.030692647826281252,0.06966245623865626
SK,2014,33310454.118,37619394.3337375,368.21875,680.625,5313.125,1970.65625,283.46875,67.96875,81.34375,147.0,34293097.31567499,2421628.202853125,904668.8176,0.272687274303125,0.5776330202218751,0.03615184983565625,0.068884180896875
SK,2015,35755793.08240625,51239702.392749995,355.6875,662.09375,4816.375,1820.4375,256.875,59.65625,99.625,153.8125,47459848.74784374,2632373.6751890625,1147479.9681875,0.2743851716125,0.5744665251,0.03106016138496875,0.0686025338920625
SK,2016,33070395.237812497,37207611.749406256,350.46875,652.5625,3498.25,1674.59375,127.25,55.28125,100.0625,150.75,33705458.58740625,2382019.8662034376,1120133.2986096875,0.276921608321875,0.5745655043343749,0.032798932556124996,0.04834348988659376
TR,2011,0.0,0.0,0.0,0.0,0.0,0.0,0.0,0.0,25.740112994350284,66.78531073446328,0.0,0.0,0.0,0.0,0.0,0.0,0.0
TR,2012,0.0,0.0,0.0,0.0,0.0,0.0,0.0,0.0,29.022099447513813,79.54143646408839,0.0,0.0,0.0,0.0,0.0,0.0,0.0
TR,2013,43188851.34295746,0.0,0.0,0.0,28881.63829787234,3869.601063829787,360.02127659574467,23.930851063829788,32.20744680851064,80.07978723404256,0.0,0.0,0.0,0.410019836300053,0.41635771033877667,0.00983192700801436,0.019529116461072343
TR,2014,46880196.43352911,0.0,0.0,0.0,31664.8835978836,4210.571428571428,413.83068783068785,27.201058201058203,44.074074074074076,83.83597883597884,0.0,0.0,0.0,0.41348250511851875,0.4412752052989417,0.0052869583097719585,0.022759830384365076
TR,2015,0.0,0.0,0.0,0.0,33862.00512820513,4085.9589743589745,441.46153846153845,30.75897435897436,39.297435897435896,90.42051282051283,0.0,0.0,0.0,0.4158655822851282,0.4244921702712824,0.006388408218761027,0.019478747908466668
TR,2016,0.0,0.0,0.0,0.0,39487.333333333336,4434.716666666666,506.99444444444447,33.355555555555554,19.783333333333335,102.58333333333333,0.0,0.0,0.0,0.4307573143129999,0.44806763287222195,0.006998330367411668,0.031116692587327764
UK,2011,164808340.4380061,180443638.8239692,867.8703703703703,1893.611111111111,14736.265432098766,4709.506172839506,672.4691358024692,148.45679012345678,109.01851851851852,83.25925925925925,71076672.02820371,58843961.55481482,42036562.63571747,0.45839042860246915,0.5755999596592593,0.038344581727349385,0.23982146577802466
UK,2012,174930025.02897516,193899437.7537019,905.8695652173913,1947.2670807453417,13857.049689440993,4732.391304347826,677.111801242236,160.59006211180125,110.48447204968944,89.5776397515528,61253347.84462738,77611480.69699383,45476886.24780601,0.4574273185322982,0.57127827467205,0.03592657728147703,0.24229741308776387
UK,2013,181164534.69511873,201899100.50006878,954.03125,2029.21875,13673.46875,4704.90625,696.15625,154.40625,111.15625,96.45625,55263114.80216875,89950835.00014998,47151213.89488827,0.4615641673737498,0.57069918471375,0.032412504884231225,0.24577768172987507
UK,2014,190527906.88959634,216591393.09213665,980.4037267080745,2077.2670807453414,13373.136645962733,4461.8633540372675,700.527950310559,165.2173913043478,125.09937888198758,99.31055900621118,50884605.29640373,101794470.18559626,52780248.23003966,0.46200867679503077,0.5714935839770185,0.04034759699530372,0.24594015300985708
UK,2015,129310244.83282174,145101581.80982184,622.9651162790698,1321.0658914728683,8607.751937984496,2826.9961240310076,438.1589147286822,105.98837209302326,86.09689922480621,61.10852713178294,34254401.14752711,70303908.1557016,33687767.01405621,0.2925325812399223,0.5694706773972872,0.022529910006368215,0.2696010106698061
UK,2016,129163391.92090382,143176538.34868854,630.0384615384615,1337.7115384615386,8703.923076923076,2873.596153846154,432.28846153846155,108.13461538461539,86.5,69.1923076923077,32958630.340592314,71328713.87292692,32765921.44935687,0.2931549559211539,0.5725294132406155,0.02073485789280078,0.2713832943491154
